{"cameraMode":{"drawMode":0,"name":"Shaded","section":"Shading Mode"},"sceneLighting":true,"audioPlay":false,"sceneViewState":{"showFog":true,"showMaterialUpdate":false,"showSkybox":true,"showFlares":true,"showImageEffects":true,"showParticleSystems":true},"in2DMode":false,"pivot":{"x":-1.1474827527999879,"y":-1.9216115474700928,"z":-1.8532657623291016},"rotation":{"x":-0.20922906696796418,"y":0.7852007746696472,"z":-0.4614456295967102,"w":-0.3560314178466797},"size":7.36768913269043,"orthographic":false}